{
  "stl_formula": "F[11,15](agent in C)",
  "start_pose": {
    "x": 0.1504,
    "y": -0.01,
    "yaw": 0.06
  },
  "region_bounds": {
    "x_min": -25.011538583734428,
    "x_max": 18.965705083299788,
    "y_min": -14.840669992026017,
    "y_max": 9.886503492460653
  }
}